{"cameraMode":{"drawMode":0,"name":"Shaded","section":"Shading Mode"},"sceneLighting":false,"audioPlay":false,"sceneViewState":{"showFog":true,"showMaterialUpdate":false,"showSkybox":true,"showFlares":true,"showImageEffects":true,"showParticleSystems":true},"in2DMode":false,"pivot":{"x":-12.788999557495118,"y":66.5222396850586,"z":-74.715576171875},"rotation":{"x":0.19534221291542054,"y":-0.044075679033994678,"z":0.008834061212837696,"w":0.9797043800354004},"size":1.4518896341323853,"orthographic":false}