{"cameraMode":{"drawMode":0,"name":"Shaded","section":"Shading Mode"},"sceneLighting":false,"audioPlay":false,"sceneViewState":{"showFog":true,"showMaterialUpdate":false,"showSkybox":true,"showFlares":true,"showImageEffects":true,"showParticleSystems":true},"in2DMode":false,"pivot":{"x":-15.025964736938477,"y":-38.166282653808597,"z":-0.5369954705238342},"rotation":{"x":-0.05474470183253288,"y":-0.8124349117279053,"z":0.07723257690668106,"w":-0.5753152966499329},"size":0.8857874274253845,"orthographic":false}