{"cameraMode":{"drawMode":0,"name":"Shaded","section":"Shading Mode"},"sceneLighting":false,"audioPlay":false,"sceneViewState":{"showFog":true,"showMaterialUpdate":false,"showSkybox":true,"showFlares":true,"showImageEffects":true,"showParticleSystems":true},"in2DMode":false,"pivot":{"x":-86.59019470214844,"y":-7.5180206298828129,"z":-2.4690723419189455},"rotation":{"x":0.629068911075592,"y":-0.008158049546182156,"z":0.006604901049286127,"w":0.77727872133255},"size":100.58979797363281,"orthographic":false}