{"cameraMode":{"drawMode":0,"name":"Shaded","section":"Shading Mode"},"sceneLighting":false,"audioPlay":false,"sceneViewState":{"showFog":true,"showMaterialUpdate":false,"showSkybox":true,"showFlares":true,"showImageEffects":true,"showParticleSystems":true},"in2DMode":false,"pivot":{"x":395.5860900878906,"y":833.9957275390625,"z":-442.2751770019531},"rotation":{"x":0.5113222599029541,"y":0.09376002103090286,"z":-0.05619867891073227,"w":0.8524085283279419},"size":5.771860599517822,"orthographic":false}