{"cameraMode":{"drawMode":0,"name":"Shaded","section":"Shading Mode"},"sceneLighting":false,"audioPlay":false,"sceneViewState":{"showFog":true,"showMaterialUpdate":false,"showSkybox":true,"showFlares":true,"showImageEffects":true,"showParticleSystems":true},"in2DMode":false,"pivot":{"x":-15.039999961853028,"y":-38.19999694824219,"z":-0.5},"rotation":{"x":0.5708176493644714,"y":-0.058942317962646487,"z":0.041181184351444247,"w":0.8179224729537964},"size":0.28578734397888186,"orthographic":false}