{"cameraMode":{"drawMode":0,"name":"Shaded","section":"Shading Mode"},"sceneLighting":false,"audioPlay":false,"sceneViewState":{"showFog":true,"showMaterialUpdate":false,"showSkybox":true,"showFlares":true,"showImageEffects":true,"showParticleSystems":true},"in2DMode":false,"pivot":{"x":-1.6645504236221314,"y":-0.0853276252746582,"z":0.6454272270202637},"rotation":{"x":-0.4578896164894104,"y":-0.023981492966413499,"z":0.01238796953111887,"w":-0.888599157333374},"size":23.730297088623048,"orthographic":false}