{"cameraMode":{"drawMode":0,"name":"Shaded","section":"Shading Mode"},"sceneLighting":false,"audioPlay":false,"sceneViewState":{"showFog":true,"showMaterialUpdate":false,"showSkybox":true,"showFlares":true,"showImageEffects":true,"showParticleSystems":true},"in2DMode":false,"pivot":{"x":-0.11818422377109528,"y":0.0593319833278656,"z":0.31135961413383486},"rotation":{"x":-0.08138425648212433,"y":0.9180682897567749,"z":-0.29035091400146487,"w":-0.25733935832977297},"size":2.4560980796813967,"orthographic":false}