{"cameraMode":{"drawMode":0,"name":"Shaded","section":"Shading Mode"},"sceneLighting":false,"audioPlay":false,"sceneViewState":{"showFog":true,"showMaterialUpdate":false,"showSkybox":true,"showFlares":true,"showImageEffects":true,"showParticleSystems":true},"in2DMode":false,"pivot":{"x":-1.440000057220459,"y":1.7200000286102296,"z":0.0},"rotation":{"x":-0.09313128888607025,"y":0.02987169660627842,"z":-0.0027935372199863197,"w":-0.9952017664909363},"size":7.875823020935059,"orthographic":false}