{"cameraMode":{"drawMode":0,"name":"Shaded","section":"Shading Mode"},"sceneLighting":false,"audioPlay":false,"sceneViewState":{"showFog":true,"showMaterialUpdate":false,"showSkybox":true,"showFlares":true,"showImageEffects":true,"showParticleSystems":true},"in2DMode":false,"pivot":{"x":-80.94966125488281,"y":-0.02484404295682907,"z":0.6546134948730469},"rotation":{"x":-0.1725892871618271,"y":-0.732763946056366,"z":0.20186196267604829,"w":-0.6265155076980591},"size":14.906363487243653,"orthographic":false}