{"cameraMode":{"drawMode":0,"name":"Shaded","section":"Shading Mode"},"sceneLighting":false,"audioPlay":false,"sceneViewState":{"showFog":true,"showMaterialUpdate":false,"showSkybox":true,"showFlares":true,"showImageEffects":true,"showParticleSystems":true},"in2DMode":false,"pivot":{"x":-1.440000057220459,"y":1.7200000286102296,"z":0.0},"rotation":{"x":-0.5855069160461426,"y":0.023578152060508729,"z":-0.01703856885433197,"w":-0.810145378112793},"size":1.4289418458938599,"orthographic":false}